student_id,name,gender,age,grade_level,math_score,english_score,science_score,attendance_rate,teacher_remark
STU0001,Danielle Johnson,Male,9,Nursery 1,52,69,84,99.93,Needs Improvement
STU0002,Joshua Walker,Female,10,Primary 4,63,88,50,96.1,Needs Improvement
STU0003,Jill Rhodes,Male,9,Primary 1,88,68,77,86.3,Outstanding
STU0004,Patricia Miller,Female,5,Nursery 1,78,86,74,82.14,Excellent
STU0005,Robert Johnson,Female,10,Primary 1,79,69,74,93.12,Outstanding
STU0006,Jeffery Wagner,Female,5,Nursery 1,93,60,53,84.39,Satisfactory
STU0007,Anthony Gonzalez,Female,10,Primary 1,96,50,83,81.86,Good
STU0008,Debra Gardner,Male,7,KG,54,83,53,99.78,Outstanding
STU0009,Jeffrey Lawrence,Male,8,KG,57,92,63,91.54,Needs Improvement
STU0010,Lisa Smith,Female,8,Primary 3,52,74,69,98.56,Needs Improvement
STU0011,Linda Wolfe,Male,10,Nursery 1,67,64,67,91.43,Satisfactory
STU0012,Matthew Moore,Female,7,Primary 2,59,71,47,85.26,Outstanding
STU0013,Susan Rogers,Female,3,Primary 1,84,76,89,87.44,Satisfactory
STU0014,Christopher Davis,Female,4,Primary 1,84,75,67,86.13,Good
STU0015,Melanie Munoz,Male,8,Nursery 2,52,57,76,90.92,Satisfactory
STU0016,Lindsay Blair,Female,10,Nursery 1,70,62,48,95.92,Satisfactory
STU0017,Amanda Dudley,Female,9,Primary 1,50,69,100,92.34,Satisfactory
STU0018,Nicholas Arnold,Female,4,Primary 4,74,57,50,81.74,Good
STU0019,Maria Montgomery,Male,8,KG,78,63,43,90.49,Satisfactory
STU0020,Michelle Ray,Male,9,Primary 1,62,67,67,85.8,Excellent
STU0021,Janet Williams,Female,3,Primary 2,57,60,74,82.44,Outstanding
STU0022,Jeremy Roberts,Male,4,Primary 1,64,78,75,99.93,Outstanding
STU0023,Christopher Hall,Female,4,Primary 4,92,66,72,82.82,Needs Improvement
STU0024,Craig Ramirez,Female,9,Primary 3,91,62,52,86.89,Good
STU0025,Cynthia Diaz,Female,9,Primary 4,84,65,74,93.86,Excellent
STU0026,Mitchell Clark,Male,5,KG,58,70,91,84.24,Needs Improvement
STU0027,Joseph Zuniga,Female,3,Nursery 2,84,49,57,89.99,Good
STU0028,Deborah Lynch,Male,6,Nursery 1,92,42,99,96.88,Excellent
STU0029,George Daniel,Male,6,KG,98,92,86,94.86,Good
STU0030,Frank Gray,Female,5,Primary 1,68,50,84,98.63,Outstanding
STU0031,Veronica Bowman,Female,9,Nursery 1,72,42,41,94.93,Excellent
STU0032,Angela Cohen,Female,5,Nursery 2,61,87,42,95.43,Satisfactory
STU0033,Megan Parsons,Male,3,Primary 4,67,59,58,84.37,Outstanding
STU0034,Jeremy Johnson,Male,4,KG,51,49,88,94.62,Outstanding
STU0035,Leslie Adams,Male,4,Primary 2,97,67,58,83.42,Needs Improvement
STU0036,Jason Hahn,Female,6,KG,46,66,42,83.58,Needs Improvement
STU0037,Nancy Edwards,Female,10,Primary 2,58,100,62,94.3,Excellent
STU0038,Diana Foster,Male,10,KG,51,70,57,90.05,Satisfactory
STU0039,Robin Ellis,Female,9,KG,88,74,84,92.0,Good
STU0040,Joseph Wright,Male,4,Primary 4,42,95,60,97.37,Satisfactory
STU0041,Anna Baker,Male,6,Primary 3,49,53,60,92.28,Satisfactory
STU0042,Brenda Hurst,Male,10,Primary 1,85,62,88,84.82,Satisfactory
STU0043,Reginald Robinson,Female,4,KG,44,85,86,86.89,Outstanding
STU0044,Whitney Hicks,Male,10,Nursery 1,50,73,78,98.07,Excellent
STU0045,Christopher Williams,Female,3,Primary 2,43,59,88,95.8,Needs Improvement
STU0046,Daniel Burton,Female,7,Nursery 1,69,58,70,91.02,Needs Improvement
STU0047,Laura Henderson,Female,9,Nursery 2,58,42,60,83.34,Outstanding
STU0048,Bryan James,Female,5,Primary 1,87,55,97,99.81,Good
STU0049,Wendy Rice,Female,8,Nursery 2,59,72,63,91.59,Excellent
STU0050,Tasha Valencia,Female,6,KG,86,60,62,85.14,Excellent
STU0051,Alexander Le,Male,9,Primary 3,58,64,66,86.27,Satisfactory
STU0052,Erin Herrera,Female,10,Nursery 1,80,99,71,93.25,Satisfactory
STU0053,Joseph Davidson,Male,7,Primary 4,56,86,73,84.01,Satisfactory
STU0054,Daniel Graham,Female,7,Nursery 2,43,72,52,86.29,Excellent
STU0055,Shawn Mckay,Male,3,Nursery 2,56,69,51,85.22,Excellent
STU0056,Nancy Baker,Male,3,Primary 1,96,100,81,84.66,Outstanding
STU0057,Vincent White,Male,9,Primary 3,43,87,79,85.55,Excellent
STU0058,Rita Harrell,Male,8,Primary 2,73,40,60,83.61,Excellent
STU0059,Kenneth Fowler,Female,7,Primary 1,62,56,81,85.2,Satisfactory
STU0060,Chelsea Hernandez,Male,5,Nursery 1,71,51,64,90.04,Satisfactory
STU0061,Kathryn Ryan,Male,10,KG,80,78,49,98.69,Good
STU0062,Kimberly Moreno,Male,6,Primary 4,75,43,76,96.12,Good
STU0063,Aaron Nguyen,Female,6,Primary 2,96,46,46,95.32,Satisfactory
STU0064,Andrew Hickman,Male,7,Nursery 2,99,86,54,99.4,Excellent
STU0065,Natasha Decker,Male,3,KG,44,41,77,85.28,Needs Improvement
STU0066,Kyle Brown,Male,4,Primary 1,65,89,83,83.62,Needs Improvement
STU0067,Natalie Arroyo,Female,10,Nursery 1,43,86,62,88.04,Excellent
STU0068,Christopher Tucker,Male,4,Primary 1,86,43,97,81.0,Outstanding
STU0069,Chad Hodges,Male,5,Primary 3,72,61,48,84.2,Excellent
STU0070,Katie Anderson,Female,8,Primary 3,55,90,66,81.0,Excellent
STU0071,Thomas Pierce,Female,9,Primary 1,89,44,48,91.48,Good
STU0072,Joseph Brennan,Female,7,Nursery 1,64,55,72,85.38,Excellent
STU0073,Rodney Lewis,Male,9,Primary 4,65,77,61,88.88,Good
STU0074,Amber Blair,Female,3,Primary 3,64,59,69,80.63,Outstanding
STU0075,James Collins,Female,7,Primary 3,78,45,87,87.13,Good
STU0076,Wanda Santos,Female,7,Primary 2,51,44,47,81.86,Needs Improvement
STU0077,Samuel Holmes,Male,7,Nursery 2,66,59,85,96.34,Outstanding
STU0078,David Walker,Female,7,Primary 2,99,85,93,85.77,Satisfactory
STU0079,Matthew Chapman,Male,7,Nursery 2,93,84,56,91.22,Satisfactory
STU0080,Jerry Robinson,Male,3,Primary 4,60,99,64,81.78,Good
STU0081,Chad Welch,Male,7,Primary 3,45,100,67,92.95,Needs Improvement
STU0082,Jeremy Whitehead,Male,7,Primary 1,63,42,58,89.58,Outstanding
STU0083,Michele Jones,Male,10,Primary 4,78,93,43,92.53,Good
STU0084,John Caldwell,Female,3,Nursery 2,95,49,55,81.9,Outstanding
STU0085,Jason Anderson,Female,3,Primary 3,87,74,48,98.43,Needs Improvement
STU0086,Selena Duncan,Female,3,Primary 2,62,80,63,86.61,Good
STU0087,Thomas Mueller,Male,8,Primary 3,87,44,91,90.76,Excellent
STU0088,Lindsey Lee,Female,8,Nursery 1,99,71,92,86.74,Satisfactory
STU0089,Collin Jordan,Female,4,KG,83,66,68,81.56,Outstanding
STU0090,Rodney Owens,Female,3,Primary 2,99,59,57,94.23,Needs Improvement
STU0091,Jessica Nunez,Male,6,Nursery 1,95,57,62,83.79,Excellent
STU0092,Tracey Garcia,Female,3,Primary 2,75,92,69,83.86,Excellent
STU0093,Richard Morgan,Female,9,Nursery 2,49,82,76,93.95,Good
STU0094,Michelle Wright,Male,3,Primary 2,78,80,56,97.02,Outstanding
STU0095,James West,Female,3,Nursery 1,62,78,55,82.16,Excellent
STU0096,Robert Ramirez,Female,10,Nursery 2,93,45,88,80.47,Satisfactory
STU0097,John Leblanc,Male,9,Nursery 1,47,46,64,80.82,Satisfactory
STU0098,Scott Callahan,Female,10,Nursery 2,83,46,63,91.66,Outstanding
STU0099,Andrea Williams,Male,7,Primary 1,54,73,63,82.34,Needs Improvement
STU0100,Yvette Huff,Female,6,Primary 3,80,82,86,86.28,Satisfactory
STU0101,Tanya House,Male,5,KG,70,47,54,98.79,Good
STU0102,Melinda Martin,Male,7,Primary 4,42,87,100,95.58,Satisfactory
STU0103,Todd Lewis,Male,8,Nursery 2,100,60,99,90.85,Outstanding
STU0104,Richard Brown,Female,5,Nursery 1,78,71,48,88.69,Outstanding
STU0105,Nicholas Galloway,Male,9,Nursery 2,67,84,45,97.71,Excellent
STU0106,Joseph Bowers,Male,5,Nursery 1,40,50,91,90.79,Excellent
STU0107,Spencer Henderson,Female,5,Primary 4,81,94,72,81.04,Excellent
STU0108,Susan Cowan,Female,10,Primary 1,56,53,72,93.87,Satisfactory
STU0109,Angela Higgins,Female,9,Primary 4,68,77,85,99.13,Outstanding
STU0110,Eric Phillips,Female,4,Nursery 1,54,49,50,93.52,Good
STU0111,Tanya Riley,Female,9,Primary 3,82,75,76,99.59,Satisfactory
STU0112,Amy Adkins,Female,5,Nursery 1,79,87,63,93.16,Excellent
STU0113,Brian Silva,Male,4,Primary 4,59,56,48,83.16,Satisfactory
STU0114,Wesley Farrell,Female,4,Nursery 1,100,92,71,90.05,Outstanding
STU0115,Eric Yu,Female,3,Nursery 1,96,98,74,98.32,Excellent
STU0116,Christopher Lopez,Male,5,Primary 2,65,95,44,94.48,Satisfactory
STU0117,Brooke Leonard,Male,6,Primary 1,85,92,45,99.18,Satisfactory
STU0118,Joe Wilson,Male,9,Primary 1,56,44,58,84.7,Needs Improvement
STU0119,Pamela Sanchez,Male,6,Nursery 1,69,43,95,99.17,Needs Improvement
STU0120,Brooke Harvey,Female,4,Primary 2,89,73,73,92.07,Satisfactory
STU0121,Robert Silva,Male,9,KG,45,56,68,96.85,Good
STU0122,Alexandra Donovan,Female,9,Primary 2,100,67,49,97.54,Excellent
STU0123,James Moran,Female,5,Primary 2,54,48,70,90.7,Needs Improvement
STU0124,John Foster,Female,4,Primary 4,67,65,84,92.06,Excellent
STU0125,Emily Evans,Male,9,Nursery 1,74,55,45,93.66,Outstanding
STU0126,Leslie Walton,Female,9,Primary 3,61,94,61,91.06,Outstanding
STU0127,Charles Ellis,Male,6,Primary 1,40,76,55,94.52,Good
STU0128,Yolanda Ferrell,Female,8,Primary 3,95,47,65,83.7,Needs Improvement
STU0129,Charles Lewis,Male,10,Nursery 1,48,67,50,94.81,Needs Improvement
STU0130,Joseph Mahoney,Female,3,KG,88,94,87,86.14,Outstanding
STU0131,Nicole Suarez,Female,3,Primary 3,47,57,87,81.63,Needs Improvement
STU0132,Mike Moore,Male,4,Nursery 2,73,77,47,86.06,Excellent
STU0133,Martha Warner,Female,8,KG,99,70,43,86.44,Outstanding
STU0134,Cheryl Archer,Female,8,Nursery 2,93,76,49,85.68,Good
STU0135,Destiny Smith,Female,5,Primary 2,41,67,94,88.55,Needs Improvement
STU0136,Lisa Evans,Female,6,Nursery 2,100,78,80,93.29,Good
STU0137,Elizabeth Mcmillan,Female,10,Nursery 2,63,94,71,96.35,Outstanding
STU0138,Dennis Wilson,Female,8,Nursery 1,97,84,79,91.66,Outstanding
STU0139,Daniel Tran,Female,5,Primary 4,79,50,100,92.36,Satisfactory
STU0140,Joseph Jacobs,Male,4,Primary 1,73,96,69,98.24,Excellent
STU0141,Jennifer Harris,Male,5,Primary 2,64,50,79,89.46,Needs Improvement
STU0142,Cynthia Baker,Female,7,Primary 4,86,66,59,84.9,Needs Improvement
STU0143,Tracy Whitehead,Female,4,Primary 1,44,40,62,89.14,Needs Improvement
STU0144,Meghan Davis,Female,6,Primary 4,92,46,91,88.72,Needs Improvement
STU0145,Rodney Hill,Male,8,Nursery 2,83,87,87,85.57,Good
STU0146,Adam Wise,Female,3,Nursery 2,63,56,85,86.87,Good
STU0147,Dana Green,Male,10,Primary 2,100,60,84,89.09,Needs Improvement
STU0148,Joyce Arnold,Male,8,Primary 1,76,75,84,91.15,Good
STU0149,Ronald Smith,Female,6,Nursery 2,69,58,50,81.89,Good
STU0150,Charles Ware,Female,3,Nursery 1,58,100,59,85.53,Needs Improvement
STU0151,Rebecca Gardner,Female,5,KG,65,63,89,82.54,Good
STU0152,Mary Aguilar,Female,4,Primary 2,65,82,40,86.35,Needs Improvement
STU0153,Earl Anderson,Female,4,Nursery 1,54,50,43,95.66,Good
STU0154,Kyle Nolan,Male,3,KG,88,95,45,81.22,Excellent
STU0155,Laura Valencia,Female,8,Nursery 2,58,65,93,80.4,Good
STU0156,Rachel Clark,Female,3,Primary 2,78,74,64,88.56,Needs Improvement
STU0157,John Garcia,Male,9,Primary 3,71,68,79,88.05,Needs Improvement
STU0158,Kimberly Henson,Male,10,Nursery 2,73,63,88,89.53,Satisfactory
STU0159,Richard Oliver,Male,3,Primary 4,59,100,88,87.25,Good
STU0160,Eric Spears,Male,3,Primary 3,67,98,89,87.81,Outstanding
STU0161,Michelle Cherry,Female,8,Primary 2,57,52,52,81.36,Good
STU0162,Lisa Keith,Female,10,Nursery 2,55,49,65,80.27,Needs Improvement
STU0163,Angel Doyle,Male,7,Primary 4,53,49,89,83.4,Outstanding
STU0164,Martin Galvan,Female,10,Nursery 2,45,100,58,93.69,Good
STU0165,Leah Shields,Female,4,KG,74,91,52,97.66,Needs Improvement
STU0166,Lisa Adams,Male,8,Primary 2,50,82,73,94.06,Satisfactory
STU0167,Kristin Rodriguez,Male,9,Nursery 1,53,63,91,81.29,Needs Improvement
STU0168,Monica Garrison,Male,3,Nursery 1,78,72,91,98.53,Excellent
STU0169,Jeffrey Velasquez,Female,8,Nursery 2,42,56,75,97.67,Outstanding
STU0170,Steven Torres,Male,7,Primary 3,91,46,73,91.23,Good
STU0171,Laura Perez,Female,5,Primary 1,49,48,46,87.78,Good
STU0172,Andrew Lee,Male,5,Primary 1,54,89,72,93.52,Outstanding
STU0173,Mark Lin,Female,6,Primary 4,64,73,46,84.24,Good
STU0174,Tammy Ramirez,Male,3,Nursery 1,70,76,43,80.51,Good
STU0175,Darlene Ross,Female,9,Primary 4,51,46,40,87.67,Good
STU0176,Tina Herrera,Male,6,KG,76,45,54,98.91,Excellent
STU0177,Sheila Wilson,Female,4,Nursery 2,58,86,72,91.5,Excellent
STU0178,Tara White,Female,3,Primary 4,81,61,40,96.0,Excellent
STU0179,Sydney Baker,Female,4,Primary 2,83,98,88,97.42,Excellent
STU0180,Daniel Hamilton,Male,6,Primary 1,55,42,100,88.85,Needs Improvement
STU0181,Jessica Edwards,Male,4,Primary 3,72,80,87,86.65,Needs Improvement
STU0182,Catherine Dixon,Male,5,Nursery 1,56,94,47,81.29,Excellent
STU0183,Paul Ray,Female,9,Primary 1,42,65,88,84.81,Outstanding
STU0184,Jonathan Fletcher,Female,8,Primary 3,79,61,48,81.66,Satisfactory
STU0185,Aaron Frost,Male,9,Nursery 1,49,89,56,94.75,Needs Improvement
STU0186,Amanda Ball,Male,9,Nursery 2,75,53,50,87.54,Excellent
STU0187,Judy Lambert,Female,4,KG,85,43,81,88.14,Excellent
STU0188,Michael Jones,Female,4,Nursery 1,44,80,79,91.44,Needs Improvement
STU0189,Elizabeth Rivera,Male,8,Nursery 1,48,93,60,86.98,Excellent
STU0190,Lee Charles,Male,5,Primary 3,76,96,83,88.52,Excellent
STU0191,Jennifer Evans,Male,6,Primary 1,58,44,53,89.57,Satisfactory
STU0192,Kyle Ortiz,Male,3,Nursery 2,48,41,48,85.22,Satisfactory
STU0193,Richard Phillips,Male,8,Primary 4,87,75,48,81.95,Satisfactory
STU0194,David Fisher,Male,5,Nursery 1,56,85,100,96.95,Outstanding
STU0195,Shelby Byrd,Male,3,Primary 2,69,59,41,99.57,Needs Improvement
STU0196,Raven Gilbert,Female,6,Primary 2,80,72,65,88.8,Good
STU0197,Kevin Kelley,Male,10,KG,58,97,40,96.82,Needs Improvement
STU0198,Aaron Mitchell,Female,5,KG,42,57,56,99.32,Excellent
STU0199,Russell Carpenter,Female,6,Primary 2,66,84,79,82.46,Needs Improvement
STU0200,Diana Marshall,Male,9,Primary 3,55,65,65,87.29,Needs Improvement
STU0201,Scott Lewis,Male,3,Primary 2,55,81,40,84.3,Satisfactory
STU0202,Thomas Santana,Female,6,Primary 4,48,74,46,86.09,Outstanding
STU0203,Laura Jackson,Female,3,Primary 1,84,65,52,89.48,Outstanding
STU0204,Christopher Robertson,Female,3,Primary 1,100,52,53,97.17,Good
STU0205,Cynthia Rogers,Male,10,Primary 1,82,55,62,86.24,Satisfactory
STU0206,Loretta Potter,Male,5,KG,96,83,85,92.23,Satisfactory
STU0207,Emily Walker,Male,6,Nursery 2,99,53,64,81.0,Good
STU0208,James Johnson,Female,8,Primary 3,41,70,76,99.93,Needs Improvement
STU0209,John Alvarez,Male,3,Primary 4,95,56,58,99.33,Outstanding
STU0210,Melissa Jones,Female,8,Primary 1,57,85,74,95.68,Needs Improvement
STU0211,Robert Soto,Male,10,Primary 3,70,88,41,84.47,Satisfactory
STU0212,James Horton,Male,3,Primary 1,88,73,95,95.44,Needs Improvement
STU0213,Troy Sanchez,Male,7,KG,40,48,78,97.0,Good
STU0214,Diana Smith,Female,7,Nursery 2,83,61,94,85.36,Satisfactory
STU0215,Karen Carrillo,Male,8,KG,87,71,98,87.2,Excellent
STU0216,Daniel Coleman,Female,3,KG,43,58,98,81.35,Good
STU0217,Gregory Rubio,Female,5,KG,68,83,40,93.62,Satisfactory
STU0218,April Williams,Male,6,Primary 3,47,81,92,94.62,Good
STU0219,John Charles,Female,6,Primary 2,94,78,96,90.2,Excellent
STU0220,Stephen Solis,Female,7,Primary 4,100,80,57,83.76,Outstanding
STU0221,Elizabeth Travis,Male,10,Primary 4,49,43,95,84.13,Needs Improvement
STU0222,Caitlin Dodson,Female,9,Primary 2,71,45,44,86.26,Excellent
STU0223,Patricia Salazar,Female,7,Nursery 1,85,69,75,95.27,Needs Improvement
STU0224,Jennifer Wagner,Male,8,Primary 1,45,98,72,82.82,Excellent
STU0225,Maria Kelley,Female,3,Nursery 1,63,58,66,99.93,Excellent
STU0226,Phyllis Manning,Male,6,Primary 4,53,87,57,97.55,Outstanding
STU0227,Thomas Green,Female,8,Nursery 1,56,43,74,88.26,Outstanding
STU0228,John Walsh,Female,4,KG,66,100,98,90.76,Excellent
STU0229,Katie Boyd,Male,9,Nursery 2,75,57,70,88.21,Excellent
STU0230,Courtney Hill,Female,8,KG,60,71,50,94.05,Needs Improvement
STU0231,Chris Mitchell,Female,9,Nursery 2,43,43,94,82.23,Excellent
STU0232,Joseph Flores,Male,6,Nursery 1,79,96,51,92.44,Satisfactory
STU0233,Amber Taylor,Female,4,Primary 1,96,84,65,90.26,Satisfactory
STU0234,Jesse Benson,Female,5,KG,93,46,89,87.53,Excellent
STU0235,Jasmine Brown,Male,6,Nursery 2,99,96,99,89.0,Good
STU0236,Rick Daniels,Male,8,KG,57,46,66,88.1,Satisfactory
STU0237,Robert Clark,Female,3,Primary 3,71,76,67,90.17,Outstanding
STU0238,Robert Stein,Female,10,Nursery 1,53,58,42,98.88,Satisfactory
STU0239,Brandy Dominguez,Female,10,Primary 1,68,46,79,99.74,Satisfactory
STU0240,Melissa Cannon,Female,7,KG,46,65,92,84.54,Outstanding
STU0241,Omar Smith,Male,5,KG,91,62,90,96.11,Good
STU0242,Michael Molina,Female,8,Primary 4,56,83,89,98.73,Excellent
STU0243,Melissa Ashley,Male,7,Primary 4,79,41,86,82.73,Satisfactory
STU0244,Robert Adkins,Female,9,Primary 1,99,81,86,85.72,Excellent
STU0245,Amy Morrison,Female,8,Nursery 2,60,75,57,84.56,Outstanding
STU0246,Jeffrey Robinson,Female,10,Primary 3,57,63,49,93.46,Excellent
STU0247,Ryan Johnson,Female,5,KG,81,86,72,93.42,Good
STU0248,Matthew Shelton,Male,6,Nursery 2,58,79,48,87.6,Satisfactory
STU0249,Richard Martin,Female,9,KG,78,87,59,92.17,Satisfactory
STU0250,Tanner Anderson,Male,10,Nursery 1,80,69,67,86.38,Needs Improvement
STU0251,Cindy Johnson,Female,5,Primary 1,66,40,92,84.98,Satisfactory
STU0252,Phillip Elliott,Female,10,Nursery 1,99,66,67,88.61,Good
STU0253,Anthony Day,Male,7,KG,49,60,57,84.65,Excellent
STU0254,Derek Murray,Female,5,Nursery 1,58,64,52,88.16,Excellent
STU0255,Brent Gray,Female,4,Nursery 2,70,73,93,82.03,Excellent
STU0256,Jason Murphy,Female,6,Primary 2,59,49,79,94.29,Needs Improvement
STU0257,Kathleen Gray,Female,6,Nursery 1,65,45,91,85.74,Satisfactory
STU0258,Karen Decker,Male,10,Primary 2,94,40,100,86.53,Good
STU0259,Johnny Miller,Female,6,Primary 1,83,45,47,80.59,Satisfactory
STU0260,Andrew Ryan,Male,5,Nursery 1,93,100,62,83.09,Satisfactory
STU0261,Zoe Bell,Male,6,Nursery 2,80,60,83,80.41,Needs Improvement
STU0262,Debra Harrington,Female,6,Primary 2,69,48,46,99.09,Satisfactory
STU0263,Denise Webster,Male,4,Primary 3,96,100,94,82.48,Satisfactory
STU0264,Stefanie Gonzalez,Female,6,Nursery 2,65,100,44,82.04,Satisfactory
STU0265,Andrew Hernandez,Male,3,Primary 2,80,87,72,91.95,Excellent
STU0266,David Caldwell,Female,3,Primary 1,85,83,78,99.33,Outstanding
STU0267,Anne Robinson,Female,4,Primary 4,67,71,92,94.06,Satisfactory
STU0268,Holly Wang,Female,3,Nursery 1,75,99,54,88.88,Excellent
STU0269,Gary Lawson,Female,3,Nursery 1,76,93,74,92.49,Good
STU0270,Julie Wilson,Female,5,KG,54,48,82,82.43,Outstanding
STU0271,Lori Oconnell,Female,4,Primary 3,86,71,96,82.64,Needs Improvement
STU0272,Daniel Johnson,Female,6,Primary 1,67,77,95,88.32,Outstanding
STU0273,Larry Byrd,Male,4,Nursery 2,97,84,42,86.08,Good
STU0274,Susan Sanders,Male,3,Primary 3,86,73,70,86.8,Needs Improvement
STU0275,Jennifer Jones,Female,9,Primary 1,70,93,54,96.34,Excellent
STU0276,Hannah Burton,Female,10,Primary 3,42,71,43,94.35,Satisfactory
STU0277,Curtis Barton,Male,7,Primary 3,71,75,72,83.13,Good
STU0278,Melissa Burke,Female,8,Nursery 2,43,72,60,85.54,Needs Improvement
STU0279,David Riggs,Male,8,Nursery 2,74,47,42,87.53,Outstanding
STU0280,Kimberly Reed,Female,10,Primary 2,93,95,85,97.1,Outstanding
STU0281,Ross Wood,Male,6,Nursery 1,73,42,55,95.19,Satisfactory
STU0282,William Peterson,Female,9,Primary 4,93,57,77,88.07,Good
STU0283,Melissa Short,Female,4,Primary 2,90,100,44,84.44,Needs Improvement
STU0284,Daniel Yu,Female,7,Primary 1,94,89,84,85.03,Excellent
STU0285,Cynthia Poole,Male,3,Nursery 1,69,75,86,91.57,Outstanding
STU0286,Jasmine Graham,Female,8,Nursery 1,55,62,77,82.4,Satisfactory
STU0287,Jessica Sheppard,Male,10,Primary 2,41,72,65,88.63,Excellent
STU0288,Joseph Morton,Male,4,Primary 2,77,52,76,92.71,Satisfactory
STU0289,Amanda Webb,Female,7,Nursery 1,48,63,57,96.76,Outstanding
STU0290,Ryan Simon,Male,5,Primary 2,89,99,72,81.5,Satisfactory
STU0291,Joseph Christian,Female,6,Primary 3,46,82,47,95.86,Good
STU0292,Mariah Miller,Female,8,Nursery 1,96,48,64,95.67,Good
STU0293,Nicole Sanchez,Female,5,KG,90,58,61,94.08,Needs Improvement
STU0294,Steven Bishop,Female,5,Nursery 2,86,76,58,88.69,Outstanding
STU0295,Nicholas Johnson,Male,4,Primary 2,95,41,81,98.01,Satisfactory
STU0296,Melissa White,Female,9,Primary 4,41,65,51,81.85,Good
STU0297,Jason Salinas,Male,6,Primary 2,45,77,72,89.9,Excellent
STU0298,Matthew Beard,Female,7,Primary 3,82,96,53,93.27,Excellent
STU0299,Jacqueline Hill,Male,4,Nursery 1,49,73,43,87.03,Needs Improvement
STU0300,Alejandro Vaughan,Male,7,Primary 3,59,40,89,96.76,Excellent
STU0301,Christopher Cortez,Male,8,Primary 1,40,60,71,85.09,Satisfactory
STU0302,Tracy Chang,Female,4,Nursery 1,82,58,69,97.18,Excellent
STU0303,Hannah Brewer,Female,3,Primary 3,55,68,45,82.87,Satisfactory
STU0304,Travis Mcguire,Male,5,Primary 3,77,43,86,90.68,Good
STU0305,Christopher Walker,Male,6,Nursery 1,42,76,60,85.51,Needs Improvement
STU0306,Heather Torres,Male,7,KG,71,81,80,98.49,Good
STU0307,Bonnie Kennedy,Male,9,Nursery 2,90,67,100,94.56,Good
STU0308,Alyssa Coleman,Male,5,Primary 3,63,75,90,94.77,Good
STU0309,Julie Rivera,Male,6,Primary 3,49,83,59,83.27,Outstanding
STU0310,Jacqueline Nelson,Male,7,KG,47,54,90,88.72,Satisfactory
STU0311,John Martinez,Female,10,KG,95,80,97,81.51,Outstanding
STU0312,James Wilson,Male,5,Primary 2,70,51,60,82.13,Needs Improvement
STU0313,Amanda Gill,Male,4,Primary 3,79,40,83,85.84,Excellent
STU0314,Jacob Robinson,Male,4,Nursery 1,100,84,56,92.31,Good
STU0315,Todd Hardy,Male,8,Nursery 2,91,48,87,82.96,Good
STU0316,Tiffany Warren,Female,3,KG,85,82,64,82.43,Satisfactory
STU0317,Justin Garcia,Male,5,Primary 1,71,98,46,81.04,Good
STU0318,James Perez,Male,7,Primary 3,84,68,75,91.52,Excellent
STU0319,Harry Smith,Male,10,Primary 4,90,94,59,93.18,Good
STU0320,Amanda Hill,Male,7,KG,90,67,59,83.35,Excellent
STU0321,Terri Tran,Female,9,Primary 2,59,42,41,89.05,Satisfactory
STU0322,Heidi Martinez,Female,9,Nursery 2,97,96,41,93.07,Good
STU0323,Miranda Henry,Male,7,Primary 1,58,80,100,80.64,Outstanding
STU0324,Monique Andrews,Male,3,Primary 1,56,92,60,94.92,Good
STU0325,Taylor Alexander,Male,8,Primary 1,75,46,60,91.58,Satisfactory
STU0326,Jack Williams,Male,7,KG,95,43,56,95.16,Outstanding
STU0327,Shelley Woods,Female,4,KG,51,89,67,87.26,Satisfactory
STU0328,Lynn Morales,Male,7,Nursery 1,47,80,87,91.25,Good
STU0329,Charles Soto,Male,6,KG,89,67,57,88.45,Satisfactory
STU0330,Brian Hernandez,Female,6,Nursery 2,83,65,75,99.0,Excellent
STU0331,Anna Torres,Male,6,KG,71,43,83,80.05,Needs Improvement
STU0332,Victoria Wilson,Female,4,Nursery 2,93,44,57,82.27,Outstanding
STU0333,Kathy Obrien,Male,9,KG,67,67,70,94.65,Excellent
STU0334,Krystal Perez,Male,10,Primary 3,91,43,44,83.81,Satisfactory
STU0335,Alexandra Hayes,Male,3,Nursery 1,44,69,89,81.0,Good
STU0336,Scott Dalton,Male,10,KG,54,71,85,86.07,Needs Improvement
STU0337,Veronica Torres,Male,9,Primary 4,85,98,100,94.99,Excellent
STU0338,Christine Lynch,Male,3,Nursery 1,62,85,66,95.9,Excellent
STU0339,Jody Meza,Female,4,Nursery 2,67,60,96,98.63,Good
STU0340,Jared Clark,Female,7,KG,72,51,67,97.39,Satisfactory
STU0341,Donna Moore,Male,4,Primary 3,95,79,68,90.93,Satisfactory
STU0342,Glenn Jones,Female,4,Primary 2,88,59,47,94.43,Excellent
STU0343,Aaron Hayes,Female,7,KG,78,61,42,86.02,Outstanding
STU0344,Brittney Carter,Female,6,Primary 3,65,79,60,81.48,Good
STU0345,Jesse Mann,Female,8,Primary 2,91,80,54,88.43,Good
STU0346,Jacqueline Gibson,Female,5,Primary 4,85,78,63,89.59,Good
STU0347,Grace Bradshaw,Male,7,Primary 4,83,60,48,89.52,Excellent
STU0348,Kristin Weber,Male,4,Nursery 2,96,56,43,82.06,Excellent
STU0349,Donna Peck,Female,7,Nursery 1,97,49,66,85.76,Excellent
STU0350,Ronald Stephens,Female,8,Primary 4,89,50,58,88.54,Satisfactory
STU0351,Deborah Kerr,Male,10,Primary 2,96,41,41,83.2,Needs Improvement
STU0352,Margaret Jones,Female,3,Primary 2,55,42,67,87.18,Needs Improvement
STU0353,Gabriel Parker,Female,8,KG,98,59,69,87.44,Outstanding
STU0354,Kaitlyn Carroll,Male,6,KG,55,72,69,94.54,Outstanding
STU0355,Keith Martinez,Male,3,Primary 4,71,49,62,98.3,Excellent
STU0356,Haley Lyons,Male,8,Nursery 1,67,98,100,82.53,Excellent
STU0357,Sherri Mason,Female,5,Primary 4,76,51,67,83.37,Outstanding
STU0358,Troy Miller,Male,9,Primary 4,85,83,84,84.1,Outstanding
STU0359,Bill Reynolds,Male,7,Primary 1,57,49,94,84.71,Needs Improvement
STU0360,Marcus Wright,Female,5,Primary 4,83,94,43,91.21,Needs Improvement
STU0361,Christopher Hayden,Male,5,Nursery 2,40,58,52,89.63,Needs Improvement
STU0362,Mary Johnston,Female,5,Nursery 1,87,45,93,88.28,Satisfactory
STU0363,Stephanie Key,Female,3,Primary 1,79,43,56,96.49,Satisfactory
STU0364,Emily Adams,Male,3,Primary 4,89,99,42,85.76,Good
STU0365,Billy Avila,Female,8,Primary 1,60,40,48,99.11,Good
STU0366,Thomas Pearson,Female,4,Nursery 1,57,62,95,85.4,Satisfactory
STU0367,Sabrina White,Male,4,Nursery 2,89,92,81,86.66,Excellent
STU0368,Brenda Walters,Female,3,Primary 4,69,85,88,81.61,Good
STU0369,Travis Davis,Female,3,Nursery 2,43,40,52,82.81,Outstanding
STU0370,Michael Cook,Female,10,Primary 4,97,80,44,98.76,Good
STU0371,Elizabeth Hodge,Female,9,Primary 4,55,61,79,96.73,Good
STU0372,Mark Steele,Female,8,Primary 1,66,85,91,96.56,Excellent
STU0373,Keith Landry,Female,5,Nursery 2,76,79,66,86.12,Excellent
STU0374,Lisa Pierce,Female,6,Primary 1,57,83,52,87.94,Needs Improvement
STU0375,Shawn Edwards,Male,8,KG,55,53,40,92.23,Needs Improvement
STU0376,Marcus Cordova,Male,5,KG,63,50,82,89.88,Good
STU0377,Richard Robertson,Female,9,Primary 4,79,66,81,95.75,Excellent
STU0378,Vanessa Sandoval,Female,9,Primary 3,70,60,79,89.71,Excellent
STU0379,Amy Gutierrez,Female,7,Primary 4,83,71,43,94.11,Needs Improvement
STU0380,Jacob Cox,Male,5,Nursery 2,89,81,48,87.19,Satisfactory
STU0381,Katherine Garrett,Female,8,Nursery 1,88,64,54,90.36,Excellent
STU0382,Kathleen Harris,Female,10,KG,44,86,86,84.98,Satisfactory
STU0383,Andrea Pennington,Female,6,Nursery 2,51,59,55,80.49,Excellent
STU0384,Samuel Wolfe,Female,5,Nursery 2,46,71,96,99.77,Outstanding
STU0385,David Dudley,Male,10,Primary 4,75,55,99,80.49,Good
STU0386,Chelsea Allen,Male,9,Primary 1,88,79,81,84.26,Excellent
STU0387,Eric Pierce,Female,5,Primary 3,81,57,54,83.54,Outstanding
STU0388,Andrea Davis,Female,8,Primary 2,56,42,89,98.57,Satisfactory
STU0389,Victoria Durham,Female,7,Nursery 2,88,71,58,90.6,Needs Improvement
STU0390,Steven Wilson,Male,7,Nursery 1,45,61,60,96.66,Outstanding
STU0391,Marilyn Jimenez,Female,10,Primary 2,65,59,44,92.06,Good
STU0392,Jennifer Hicks,Female,10,Primary 1,95,49,74,96.53,Good
STU0393,Joshua Davenport,Male,8,Nursery 1,78,93,93,86.77,Needs Improvement
STU0394,Tina Sanchez,Male,9,KG,73,41,79,80.84,Outstanding
STU0395,Andrea Reyes,Male,3,KG,85,84,81,81.67,Good
STU0396,Sandra Romero,Male,8,Primary 3,40,100,55,82.22,Satisfactory
STU0397,Natasha Shields,Male,10,Primary 2,58,73,51,81.02,Good
STU0398,Joshua Tyler,Female,3,Primary 1,57,67,51,82.0,Excellent
STU0399,Robert Villa,Male,9,Primary 1,85,49,72,97.64,Outstanding
STU0400,William Hoover,Female,5,Primary 1,74,73,85,89.88,Satisfactory
STU0401,Justin Evans,Male,3,Primary 4,82,45,97,81.11,Excellent
STU0402,Brenda Duarte,Female,9,Primary 1,59,88,56,92.68,Outstanding
STU0403,Tracy Hernandez,Male,8,Primary 4,97,55,62,83.22,Outstanding
STU0404,Amanda Reed,Male,7,KG,52,49,48,81.8,Good
STU0405,Andrea Daniels,Female,8,Primary 3,72,41,76,81.75,Needs Improvement
STU0406,Stanley Morris,Male,4,Primary 4,91,85,76,83.44,Good
STU0407,Jacob Terry,Female,10,Nursery 2,50,74,84,89.56,Outstanding
STU0408,Ashley Hall,Female,3,Primary 4,73,75,46,94.31,Outstanding
STU0409,Kimberly Williams,Female,10,Nursery 2,67,74,72,90.32,Good
STU0410,Julie Thornton,Male,3,Primary 2,64,75,93,96.18,Excellent
STU0411,Lisa Hughes,Male,10,KG,62,97,71,92.13,Satisfactory
STU0412,Elizabeth Hoover,Female,8,Primary 3,66,93,45,83.77,Needs Improvement
STU0413,Tina Simpson,Female,9,Nursery 1,67,67,92,90.89,Needs Improvement
STU0414,Benjamin Shaw,Female,7,Primary 1,74,92,74,93.88,Needs Improvement
STU0415,Brittany Kane,Female,7,Primary 3,93,40,55,95.26,Needs Improvement
STU0416,Morgan Alexander,Female,10,Primary 1,80,64,64,88.27,Satisfactory
STU0417,Alicia Bryant,Female,9,Primary 3,42,67,47,82.83,Good
STU0418,Jennifer Ortiz,Female,4,Primary 2,89,47,69,84.4,Outstanding
STU0419,Diana Moore,Male,8,Nursery 1,53,57,51,93.71,Outstanding
STU0420,Terrance Costa,Male,9,KG,88,90,47,90.25,Satisfactory
STU0421,Matthew Schwartz,Male,5,KG,76,52,68,96.75,Outstanding
STU0422,Debra Christian,Female,10,Primary 1,54,67,87,91.93,Good
STU0423,Melissa Villarreal,Male,5,Nursery 2,41,87,85,86.14,Needs Improvement
STU0424,Norman Stewart,Female,9,Nursery 1,61,63,94,86.61,Outstanding
STU0425,Jennifer Malone,Male,5,Nursery 1,92,92,100,85.95,Outstanding
STU0426,Monique Johnson,Female,7,Primary 4,96,91,49,93.85,Needs Improvement
STU0427,Casey Welch,Male,7,Nursery 1,80,43,51,81.62,Excellent
STU0428,Samantha Bright,Male,3,Primary 1,41,76,72,84.55,Good
STU0429,Julie Hamilton,Female,4,Primary 2,47,83,97,83.39,Outstanding
STU0430,Corey Schultz,Female,7,KG,80,87,63,92.87,Good
STU0431,Monique Wallace,Female,8,Primary 4,93,64,44,99.19,Outstanding
STU0432,Heather Berger,Male,5,Primary 4,41,85,99,85.68,Excellent
STU0433,Brandon Flynn,Male,5,KG,69,50,57,92.87,Needs Improvement
STU0434,Kelly Brooks,Male,8,Nursery 1,97,78,90,94.94,Outstanding
STU0435,Dustin Schmidt,Female,10,Primary 4,75,66,95,84.44,Outstanding
STU0436,Ashlee Sparks,Male,8,Nursery 2,78,58,41,97.99,Excellent
STU0437,George Miller,Female,7,KG,90,51,86,84.28,Outstanding
STU0438,Monica Harvey,Male,6,Primary 2,53,57,93,94.9,Needs Improvement
STU0439,John Durham,Female,10,Primary 3,92,88,58,90.29,Good
STU0440,Douglas Murray,Female,3,Primary 2,81,92,63,89.8,Needs Improvement
STU0441,Jonathan Scott,Male,9,Primary 2,70,99,51,99.41,Needs Improvement
STU0442,Albert Ballard,Female,10,Primary 1,75,66,52,96.62,Needs Improvement
STU0443,Rachel Byrd,Male,10,Primary 4,62,65,78,89.11,Needs Improvement
STU0444,Eric Alexander,Female,5,Primary 3,44,97,42,87.08,Needs Improvement
STU0445,Michael Matthews,Female,9,Primary 1,59,84,52,95.61,Good
STU0446,Danielle Coleman,Male,3,Primary 4,46,50,50,90.93,Good
STU0447,John Bruce,Female,7,Primary 3,88,95,84,90.45,Excellent
STU0448,James Cruz,Male,8,KG,78,68,76,95.56,Outstanding
STU0449,Timothy Young,Male,10,Nursery 2,98,54,86,86.37,Excellent
STU0450,Ashley Andrews,Female,9,Primary 4,87,54,97,93.14,Outstanding
STU0451,Victoria Phillips,Male,5,Primary 2,76,63,75,98.91,Excellent
STU0452,Tiffany Barrett,Female,8,Primary 1,44,100,57,85.52,Needs Improvement
STU0453,Joshua Knight,Female,6,Primary 2,53,69,86,82.01,Good
STU0454,Gina Garner,Male,5,Nursery 1,42,54,76,82.68,Satisfactory
STU0455,Brandon Obrien,Female,8,KG,81,95,75,97.52,Excellent
STU0456,Tyler Strong,Male,10,Nursery 2,70,70,80,96.23,Good
STU0457,Justin Lindsey,Female,7,Primary 4,55,44,73,84.85,Outstanding
STU0458,Catherine Gomez,Female,4,Primary 2,83,57,85,86.89,Good
STU0459,Dana Oliver,Female,4,Primary 3,58,92,97,89.78,Excellent
STU0460,Erica Le,Female,10,Primary 1,97,63,40,82.18,Satisfactory
STU0461,Donna Massey,Female,9,Primary 2,96,62,82,96.14,Excellent
STU0462,Courtney Berger,Female,8,Primary 2,68,66,87,93.41,Excellent
STU0463,Debbie Parker,Male,7,Nursery 2,89,68,56,86.17,Good
STU0464,Scott Riley,Female,5,Primary 2,96,83,51,92.56,Satisfactory
STU0465,Jessica Davis,Female,7,Nursery 2,91,99,97,97.97,Good
STU0466,Kenneth Burgess,Male,10,Primary 4,41,61,64,92.73,Good
STU0467,Gregory Anderson,Female,10,KG,41,68,68,88.52,Needs Improvement
STU0468,Amber Mata,Male,6,Nursery 2,88,64,73,92.45,Needs Improvement
STU0469,Alyssa Mcintyre,Male,6,Primary 4,95,50,42,81.36,Good
STU0470,Maria Scott,Female,3,Primary 2,94,40,85,83.96,Outstanding
STU0471,Makayla Olson,Male,5,Primary 1,68,64,82,95.53,Needs Improvement
STU0472,Lindsay Francis,Male,8,Nursery 1,69,59,79,92.35,Satisfactory
STU0473,Matthew Wilson,Female,3,Nursery 1,54,97,46,90.6,Needs Improvement
STU0474,Sydney Taylor,Male,3,KG,57,59,72,94.37,Outstanding
STU0475,Tammy Dalton,Female,4,Primary 4,76,64,89,87.98,Satisfactory
STU0476,Jennifer Whitney,Male,9,Primary 3,62,64,58,95.4,Good
STU0477,Tammy Ballard,Male,9,Nursery 1,49,51,98,92.3,Good
STU0478,Michael Gibbs,Male,9,KG,65,54,73,96.53,Excellent
STU0479,Alexander Herrera,Female,10,KG,44,58,89,92.2,Satisfactory
STU0480,Shawn Chambers,Male,5,Primary 4,65,73,85,96.54,Outstanding
STU0481,Emily Richards,Male,10,Nursery 1,77,87,94,97.83,Needs Improvement
STU0482,Lynn Bentley,Male,10,Nursery 1,87,76,74,89.15,Excellent
STU0483,Daniel Hall,Female,8,Primary 2,76,86,74,90.82,Satisfactory
STU0484,Angel Henson,Male,5,KG,61,50,77,81.85,Needs Improvement
STU0485,Anna Herman,Male,10,Primary 2,86,86,98,82.91,Needs Improvement
STU0486,Jeffrey Brown,Male,9,Primary 4,41,78,98,81.47,Satisfactory
STU0487,Madison Blankenship,Female,4,Primary 1,86,96,62,90.74,Needs Improvement
STU0488,Kevin Ortiz,Female,3,Primary 3,54,43,67,85.24,Excellent
STU0489,Donald Shah,Female,5,KG,81,70,93,94.52,Needs Improvement
STU0490,Kevin Vasquez,Female,3,Primary 1,51,49,85,95.71,Needs Improvement
STU0491,Colton Clay,Female,3,KG,79,94,57,88.16,Needs Improvement
STU0492,Derek Chavez,Female,3,Primary 1,94,61,64,91.18,Outstanding
STU0493,Ellen Paul,Female,8,Nursery 1,75,43,44,86.07,Excellent
STU0494,Sonya Barnes,Male,7,Nursery 1,66,42,57,80.41,Excellent
STU0495,Julia Moore,Male,8,Primary 1,87,60,90,87.1,Needs Improvement
STU0496,Robert Garcia,Male,6,Primary 4,68,60,87,85.22,Outstanding
STU0497,Tracy Russell,Female,3,Primary 2,81,55,81,85.61,Outstanding
STU0498,Stephanie Johnson,Male,3,Primary 4,80,74,81,97.21,Good
STU0499,Mitchell Ramos,Female,6,Primary 2,60,61,99,98.54,Needs Improvement
STU0500,Stephanie Foley,Male,6,Primary 2,55,75,99,96.25,Needs Improvement
